{"inputUnits":[66],"outputUnits":6,"inputs":{"0":{"dtype":"number","min":0.49468010663986206,"max":0.6165837049484253},"1":{"dtype":"number","min":0.20124110579490662,"max":0.5438202619552612},"2":{"dtype":"number","min":0.49820542335510254,"max":0.6243111491203308},"3":{"dtype":"number","min":0.1861840784549713,"max":0.547518253326416},"4":{"dtype":"number","min":0.4995364546775818,"max":0.6250230073928833},"5":{"dtype":"number","min":0.1862543523311615,"max":0.549865186214447},"6":{"dtype":"number","min":0.5010188221931458,"max":0.6257410049438477},"7":{"dtype":"number","min":0.18645532429218292,"max":0.5519377589225769},"8":{"dtype":"number","min":0.4971767067909241,"max":0.6221098303794861},"9":{"dtype":"number","min":0.18316197395324707,"max":0.5374783873558044},"10":{"dtype":"number","min":0.49459928274154663,"max":0.6209798455238342},"11":{"dtype":"number","min":0.18203315138816833,"max":0.5325698852539062},"12":{"dtype":"number","min":0.49194201827049255,"max":0.6206706166267395},"13":{"dtype":"number","min":0.18139126896858215,"max":0.5269984602928162},"14":{"dtype":"number","min":0.5121985673904419,"max":0.6229329705238342},"15":{"dtype":"number","min":0.19224372506141663,"max":0.5466848015785217},"16":{"dtype":"number","min":0.4907427728176117,"max":0.6207854151725769},"17":{"dtype":"number","min":0.18710055947303772,"max":0.5112508535385132},"18":{"dtype":"number","min":0.5017488598823547,"max":0.608988344669342},"19":{"dtype":"number","min":0.2180922031402588,"max":0.5414451360702515},"20":{"dtype":"number","min":0.4960998594760895,"max":0.6044977903366089},"21":{"dtype":"number","min":0.21537744998931885,"max":0.5317426919937134},"22":{"dtype":"number","min":0.49565020203590393,"max":0.6197392344474792},"23":{"dtype":"number","min":0.27332594990730286,"max":0.5748284459114075},"24":{"dtype":"number","min":0.46406641602516174,"max":0.5875063538551331},"25":{"dtype":"number","min":0.2708730101585388,"max":0.463741272687912},"26":{"dtype":"number","min":0.46412205696105957,"max":0.6713277697563171},"27":{"dtype":"number","min":0.18877987563610077,"max":0.6847447156906128},"28":{"dtype":"number","min":0.4231511056423187,"max":0.6325007677078247},"29":{"dtype":"number","min":0.18201357126235962,"max":0.5386014580726624},"30":{"dtype":"number","min":0.4115767478942871,"max":0.7287545204162598},"31":{"dtype":"number","min":0.09126748889684677,"max":0.7917487025260925},"32":{"dtype":"number","min":0.3732329308986664,"max":0.7040191888809204},"33":{"dtype":"number","min":0.09236977994441986,"max":0.5827636122703552},"34":{"dtype":"number","min":0.3932027220726013,"max":0.7456258535385132},"35":{"dtype":"number","min":0.06644336134195328,"max":0.8152765035629272},"36":{"dtype":"number","min":0.35700446367263794,"max":0.7218500971794128},"37":{"dtype":"number","min":0.06647873669862747,"max":0.596656322479248},"38":{"dtype":"number","min":0.3978768289089203,"max":0.7470585703849792},"39":{"dtype":"number","min":0.06581799685955048,"max":0.8184263706207275},"40":{"dtype":"number","min":0.3542090356349945,"max":0.7210701704025269},"41":{"dtype":"number","min":0.06759922951459885,"max":0.5892899632453918},"42":{"dtype":"number","min":0.40174779295921326,"max":0.7418349981307983},"43":{"dtype":"number","min":0.07404479384422302,"max":0.8097351789474487},"44":{"dtype":"number","min":0.36013177037239075,"max":0.7172609567642212},"45":{"dtype":"number","min":0.07669220864772797,"max":0.5850505828857422},"46":{"dtype":"number","min":0.49244385957717896,"max":0.6334313750267029},"47":{"dtype":"number","min":0.5001246333122253,"max":0.6080796718597412},"48":{"dtype":"number","min":0.45472580194473267,"max":0.6404907703399658},"49":{"dtype":"number","min":0.49047961831092834,"max":0.6084837317466736},"50":{"dtype":"number","min":0.5128364562988281,"max":0.6181870698928833},"51":{"dtype":"number","min":0.623414158821106,"max":0.7258514165878296},"52":{"dtype":"number","min":0.42664259672164917,"max":0.6091362237930298},"53":{"dtype":"number","min":0.5346677303314209,"max":0.7212325930595398},"54":{"dtype":"number","min":0.4755602478981018,"max":0.6738801002502441},"55":{"dtype":"number","min":0.7119585871696472,"max":0.8913823366165161},"56":{"dtype":"number","min":0.4163927137851715,"max":0.6064825057983398},"57":{"dtype":"number","min":0.543022871017456,"max":0.8654844760894775},"58":{"dtype":"number","min":0.4640495777130127,"max":0.6826211810112},"59":{"dtype":"number","min":0.6947028636932373,"max":0.9274876117706299},"60":{"dtype":"number","min":0.4138028621673584,"max":0.6124905943870544},"61":{"dtype":"number","min":0.5315119028091431,"max":0.898571789264679},"62":{"dtype":"number","min":0.4755961000919342,"max":0.6869770288467407},"63":{"dtype":"number","min":0.7487351298332214,"max":0.9127903580665588},"64":{"dtype":"number","min":0.40085548162460327,"max":0.5956901907920837},"65":{"dtype":"number","min":0.5686253905296326,"max":0.9118600487709045}},"outputs":{"0":{"dtype":"string","min":0,"max":1,"uniqueValues":["1","2","3","4","5","6"],"legend":{"1":[1,0,0,0,0,0],"2":[0,1,0,0,0,0],"3":[0,0,1,0,0,0],"4":[0,0,0,1,0,0],"5":[0,0,0,0,1,0],"6":[0,0,0,0,0,1]}}},"isNormalized":true}