{
    "inputUnits": [
        66
    ],
    "outputUnits": 11,
    "inputs": {
        "0": {
            "dtype": "number",
            "min": 0.3923143446445465,
            "max": 0.5622285008430481
        },
        "1": {
            "dtype": "number",
            "min": 0.1769111156463623,
            "max": 0.43767088651657104
        },
        "2": {
            "dtype": "number",
            "min": 0.38448435068130493,
            "max": 0.5689181685447693
        },
        "3": {
            "dtype": "number",
            "min": 0.16265641152858734,
            "max": 0.43507659435272217
        },
        "4": {
            "dtype": "number",
            "min": 0.38428547978401184,
            "max": 0.56911700963974
        },
        "5": {
            "dtype": "number",
            "min": 0.16365182399749756,
            "max": 0.4370192289352417
        },
        "6": {
            "dtype": "number",
            "min": 0.3842165768146515,
            "max": 0.5710563659667969
        },
        "7": {
            "dtype": "number",
            "min": 0.1645182967185974,
            "max": 0.4422420859336853
        },
        "8": {
            "dtype": "number",
            "min": 0.3843320608139038,
            "max": 0.5685812830924988
        },
        "9": {
            "dtype": "number",
            "min": 0.15874963998794556,
            "max": 0.4484661817550659
        },
        "10": {
            "dtype": "number",
            "min": 0.38382863998413086,
            "max": 0.56830894947052
        },
        "11": {
            "dtype": "number",
            "min": 0.15749973058700562,
            "max": 0.4552629590034485
        },
        "12": {
            "dtype": "number",
            "min": 0.3834633231163025,
            "max": 0.5680220127105713
        },
        "13": {
            "dtype": "number",
            "min": 0.15661484003067017,
            "max": 0.46200549602508545
        },
        "14": {
            "dtype": "number",
            "min": 0.3871920108795166,
            "max": 0.5748900771141052
        },
        "15": {
            "dtype": "number",
            "min": 0.17254677414894104,
            "max": 0.45628127455711365
        },
        "16": {
            "dtype": "number",
            "min": 0.3852432370185852,
            "max": 0.5639916658401489
        },
        "17": {
            "dtype": "number",
            "min": 0.1637011170387268,
            "max": 0.47188636660575867
        },
        "18": {
            "dtype": "number",
            "min": 0.4006594121456146,
            "max": 0.5668089389801025
        },
        "19": {
            "dtype": "number",
            "min": 0.1959926187992096,
            "max": 0.43435364961624146
        },
        "20": {
            "dtype": "number",
            "min": 0.4007875323295593,
            "max": 0.5600422024726868
        },
        "21": {
            "dtype": "number",
            "min": 0.19244720041751862,
            "max": 0.4475010335445404
        },
        "22": {
            "dtype": "number",
            "min": 0.42991557717323303,
            "max": 0.5870615243911743
        },
        "23": {
            "dtype": "number",
            "min": 0.2403455674648285,
            "max": 0.5252390503883362
        },
        "24": {
            "dtype": "number",
            "min": 0.40487441420555115,
            "max": 0.5840277075767517
        },
        "25": {
            "dtype": "number",
            "min": 0.2495996505022049,
            "max": 0.5302119851112366
        },
        "26": {
            "dtype": "number",
            "min": 0.43802112340927124,
            "max": 0.6158673763275146
        },
        "27": {
            "dtype": "number",
            "min": 0.1248864158987999,
            "max": 0.6434487104415894
        },
        "28": {
            "dtype": "number",
            "min": 0.37747666239738464,
            "max": 0.5949758291244507
        },
        "29": {
            "dtype": "number",
            "min": 0.14586840569972992,
            "max": 0.6434876322746277
        },
        "30": {
            "dtype": "number",
            "min": 0.40026307106018066,
            "max": 0.6609315276145935
        },
        "31": {
            "dtype": "number",
            "min": 0.04922294616699219,
            "max": 0.7441335916519165
        },
        "32": {
            "dtype": "number",
            "min": 0.3248310089111328,
            "max": 0.6508709192276001
        },
        "33": {
            "dtype": "number",
            "min": 0.0531347282230854,
            "max": 0.7384644150733948
        },
        "34": {
            "dtype": "number",
            "min": 0.383828341960907,
            "max": 0.6744665503501892
        },
        "35": {
            "dtype": "number",
            "min": 0.02600213699042797,
            "max": 0.7623953223228455
        },
        "36": {
            "dtype": "number",
            "min": 0.3070891499519348,
            "max": 0.6678937673568726
        },
        "37": {
            "dtype": "number",
            "min": 0.026010576635599136,
            "max": 0.7625781297683716
        },
        "38": {
            "dtype": "number",
            "min": 0.38458970189094543,
            "max": 0.6758009195327759
        },
        "39": {
            "dtype": "number",
            "min": 0.022485680878162384,
            "max": 0.7635743618011475
        },
        "40": {
            "dtype": "number",
            "min": 0.30589085817337036,
            "max": 0.6661514043807983
        },
        "41": {
            "dtype": "number",
            "min": 0.02525557205080986,
            "max": 0.7694486975669861
        },
        "42": {
            "dtype": "number",
            "min": 0.38629981875419617,
            "max": 0.6713837385177612
        },
        "43": {
            "dtype": "number",
            "min": 0.03258141875267029,
            "max": 0.7569839358329773
        },
        "44": {
            "dtype": "number",
            "min": 0.31241780519485474,
            "max": 0.6612773537635803
        },
        "45": {
            "dtype": "number",
            "min": 0.035524044185876846,
            "max": 0.7622763514518738
        },
        "46": {
            "dtype": "number",
            "min": 0.42001137137413025,
            "max": 0.5851870775222778
        },
        "47": {
            "dtype": "number",
            "min": 0.495688796043396,
            "max": 0.6250693202018738
        },
        "48": {
            "dtype": "number",
            "min": 0.40901798009872437,
            "max": 0.5541547536849976
        },
        "49": {
            "dtype": "number",
            "min": 0.4924229085445404,
            "max": 0.6390721797943115
        },
        "50": {
            "dtype": "number",
            "min": 0.4600885808467865,
            "max": 0.6606828570365906
        },
        "51": {
            "dtype": "number",
            "min": 0.5277541279792786,
            "max": 0.7330268025398254
        },
        "52": {
            "dtype": "number",
            "min": 0.3624933063983917,
            "max": 0.554815411567688
        },
        "53": {
            "dtype": "number",
            "min": 0.5367834568023682,
            "max": 0.7306671738624573
        },
        "54": {
            "dtype": "number",
            "min": 0.45544737577438354,
            "max": 0.6632055044174194
        },
        "55": {
            "dtype": "number",
            "min": 0.6059027314186096,
            "max": 0.8703402876853943
        },
        "56": {
            "dtype": "number",
            "min": 0.303705632686615,
            "max": 0.5625603795051575
        },
        "57": {
            "dtype": "number",
            "min": 0.608399510383606,
            "max": 0.8821505308151245
        },
        "58": {
            "dtype": "number",